# written	spoken (applied longest first, whole words only)
ASSETS 2025	Assets twenty twenty-five
ASSETS	Assets
ACM SIGACCESS	A C M SIG Access
VeasyGuide	VizzyGuide
AT	A T
ASSETS 2026	Assets twenty twenty-six
ASSETS 2024	Assets twenty twenty-four
et al.	and colleagues
Prof.	Professor
UIST	Wist
CHI	Kai
a11y	ally
W3C	W three C
WISS	Wiss
WCAG 2.1	WCAG two point one
1.4.11	one point four point eleven
1.4.1	one point four point one
WYSIWYG	wizzywig
Modern Warfare III	Modern Warfare Three
SightlessKombat	Sightless Combat
DIY	D I Y
Can I Play That?	Can I Play That
Jacek Halicki	Yatsek Haleetskee
Marijn	Mahrain
